{
    "ragapp-default123": {
        "permissions": [
            "all"
        ],
        "created_at": 1744712332.2102008,
        "last_used": 1744789120.6780457,
        "description": "預設管理員Token"
    }
}